sr no,data point,exact url/subpage,quoted text from page,a search query with that data point,grep from running his search query,confidence score based on rechecking,triangulation status
1,"Dolphins are characterized as sensitive, empathetic souls driven by harmony and reassurance",https://salespodder.com/beavers-foxes-dolphins-owls/,"Dolphins – sensitive, empathetic souls who like constant reassurance... Blue/Harmonious/Idealist","""sensitive, empathetic souls who like constant reassurance""","Dolphins are characterized as 'sensitive, empathetic souls who like constant reassurance' and associated with harmonious idealism",Highest,Flag as Triangulated
2,"Foxes are independent, fearless types driven by adventure and pragmatic artisan agility",https://salespodder.com/beavers-foxes-dolphins-owls/,"Foxes – independent, fearless types... Orange/Adventurous/Artisan","""Foxes – independent, fearless types"" OR ""Foxes - independent, fearless types""","Foxes – independent, fearless types... Orange/Adventurous/Artisan",Highest,Flag as Triangulated
3,"Lions are decisive, assertive, natural leaders driven by goal attainment and direct authority",https://tipsofwisdom.com,"The Lion personality is decisive, assertive, and natural leaders... highly focused on objectives and outcomes... comfortable in positions of authority","""Lion"" personality ""decisive"" ""assertive"" OR ""natural leaders"" ""goal-oriented""","The Lion personality is a widely recognized archetype described as decisive, assertive, and natural leaders... comfortable in positions of authority",Highest,Flag as Triangulated
4,"Owls are intense, deliberate, and analytical thinkers driven by rational clarity and curiosity",https://salespodder.com/beavers-foxes-dolphins-owls/,"Owls – who tend to be intense, deliberate and very analytical... Green/Curious/Rational","""Owls – who tend to be intense, deliberate and very analytical""","Owls – who tend to be intense, deliberate and very analytical... Green/Curious/Rational",Highest,Flag as Triangulated
5,"Peacocks thrive in social situations, actively seeking the center of attention through enthusiasm and optimism",https://richardstep.com,"Peacocks thrive in social situations and actively seek to be the center of attention... high energy, wealth of passion, and generally positive, optimistic outlook","""Peacocks thrive in social situations and actively seek to be the center of attention""","Peacocks thrive in social situations and actively seek to be the center of attention... high-energy, enthusiastic, optimistic",Highest,Flag as Triangulated
6,Bear personalities project an unshakeable calm and protective strength that stabilizes groups in crisis,https://jobcannon.io,"Bear personality is widely recognized as an archetype of steadiness, grounding, and protective strength... unshakeable calm","""Bear personality"" ""calm"" ""protective"" OR ""grounded"" ""steady"" OR ""crisis""","The Bear personality is widely recognized as an archetype of steadiness, grounding, and protective strength... unshakeable calm",Highest,Flag as Triangulated
7,"Wolf personalities exert influence through instinct, perceptive observation, and fierce pack loyalty",https://jobcannon.io,"The wolf is widely recognized as a powerful symbol of loyalty, teamwork, instinct, and leadership... highly observant","""Wolf personality"" ""loyalty"" ""pack"" ""instinct"" ""leadership"" OR ""observant""","The wolf is widely recognized as a powerful symbol of loyalty, teamwork, instinct, and leadership... highly observant",Highest,Flag as Triangulated
8,"Dolphins utilize head tilts, genuine smiling, and open palms as nonverbal cues to establish warmth, trust, and psychological safety",https://meda.foundation,"These nonverbal cues—head tilt, smiling, and open palms—are powerful, universally recognized signals that build warmth, rapport, and charisma by subconsciously communicating that you are approachable, honest, and non-threatening.","""head tilt"" ""smiling"" ""open palms"" warmth charisma nonverbal cues","head tilt, smiling, and open palms are powerful, universally recognized signals that build warmth, rapport, and charisma",Highest,Flag as Triangulated
9,Lions employ downward inflections to signal certainty and absolute stillness to establish unthreatened executive status,https://brainzmagazine.com,"By dropping the pitch at the end of a sentence, a speaker communicates competence and reduces the perception of needing approval... reducing physical pace—minimizing fidgeting, pacing, or rapid gestures—signals that a person is 'resourced' and not under threat.","""downward inflection"" ""stillness"" authority charisma OR presence",dropping the pitch at the end of a sentence communicates competence and reduces the perception of needing approval... stillness signals that a person is resourced and not under threat,Highest,Flag as Triangulated
10,"Owls leverage intentional pauses, deliberate stillness, and low-variance precision to command respect through restraint",https://brainzmagazine.com,"the use of intentional pauses (silence), stillness, and downward inflection allows a leader to influence the room's energy without appearing to 'try' too hard... replace 'um' or 'uh' with a deliberate pause","""intentional pauses"" stillness ""downward inflection"" OR restraint","the use of intentional pauses (silence), stillness, and downward inflection allows a leader to influence the room's energy without appearing to try too hard",Highest,Flag as Triangulated
11,"Peacocks exhibit dramatic sweeping gestures, expressive body language, and a strong colorful voice that commands the room",https://tick.com.au,Peacocks are naturally expressive and animated... strong and colourful voice and are often described as talkative... dramatic and sweeping gestures. Their energy is infectious,"""Peacock personality"" ""expressive"" ""gestures"" ""flamboyant"" OR ""dramatic"" ""voice""",Peacocks are naturally expressive and animated... strong and colourful voice... dramatic and sweeping gestures. Their energy is infectious,Highest,Flag as Triangulated
12,"Foxes navigate social spaces with fluid, observant body language and clever conversational timing rather than physical dominance",https://spiritanimalatlas.com,"The fox archetype often manifests as movements that are deliberate, agile, and fluid... body language is typically observant and cautious rather than dominant... observational humor: a tendency toward satire or clever wit","""Fox personality"" OR ""fox archetype"" ""body language"" OR ""vocal"" OR ""wit"" ""adaptability""","movements that are deliberate, agile, and fluid... observant and cautious rather than dominant or aggressive... observational humor and clever wit",Highest,Flag as Triangulated
13,"Bear and Wolf archetypes anchor rooms through grounded physical calm, slow breathing, and acting as emotional containers",https://jobcannon.io,"Bear personalities possess a quiet, unassuming authority... their steady nature makes others feel safe and anchored during chaotic times... resist the urge to react impulsively... unshakeable calm","""Bear personality"" ""calm"" ""protective"" OR ""grounded"" ""steady"" OR ""crisis""","quiet, unassuming authority... makes others feel safe and anchored during chaotic times... unshakeable calm acting as a stabilizing force",Highest,Flag as Triangulated
14,"Lions demand Reader's Digest conciseness, enforcing bottom-line communication and direct outcome-oriented boundary control",https://myrelationshipcenter.org,"Lions are known for their preference for 'Reader's Digest' length communication—a term used to describe their desire for concise, direct, and 'bottom-line' information... value efficiency and want to get straight to the point.","""Lion"" ""personality"" ""bottom-line"" ""Reader's Digest"" communication","Lions are known for their preference for Reader's Digest length communication... concise, direct, and bottom-line information",Highest,Flag as Triangulated
15,"Owls anchor dialogue in facts and logic, acting as inquisitive reality checks through targeted why and how inquiry",https://takeflightlearning.com,"Fact-Based: Communication is grounded in evidence and logic rather than intuition or emotional appeal. While they may be reserved, Owls are often seen as 'truth-tellers' who provide reality checks... lead with questions—particularly 'why' and 'how' questions","""Owl"" personality communication ""facts"" ""logic"" ""deliberate"" ""analytical""",Communication is grounded in evidence and logic rather than intuition or emotional appeal... truth-tellers who provide reality checks... lead with why and how questions,Highest,Flag as Triangulated
16,"Dolphins steer conversations toward relational harmony, consensus, and emotional validation to dissolve social tension",https://hindustantimes.com,"Dolphins are natural listeners who prefer collaborative, gentle communication. They seek consensus and reassurance, aiming to create a supportive and joyful atmosphere.","""Dolphins"" ""natural listeners who prefer collaborative, gentle communication""","natural listeners who prefer collaborative, gentle communication. They seek consensus and reassurance, aiming to create a supportive and joyful atmosphere",Highest,Flag as Triangulated
17,"Foxes utilize strategic communication, observational satire, and lateral reframing to dismantle tension without aggressive confrontation",https://spiritanimalatlas.com,Observational Humor: A tendency toward satire or clever wit that highlights the absurdity or nuance of a situation. Strategic Communication: Using words to disarm others or navigate social hierarchies without needing to explicitly dominate them.,"""Observational Humor: A tendency toward satire or clever wit"" OR ""Using words to disarm others or navigate social hierarchies""",Observational Humor: A tendency toward satire or clever wit... Strategic Communication: Using words to disarm others or navigate social hierarchies without needing to explicitly dominate them,Highest,Flag as Triangulated
18,"Peacocks leverage colorful voice, animated storytelling, and contagious enthusiasm to steer conversations toward high-energy engagement",https://tick.com.au,"Peacocks typically have a 'strong and colourful' voice and are often described as talkative... dramatic and sweeping gestures. Their energy is infectious, and they often use their entire body to emphasize their stories or ideas.","""strong and colourful voice and are often described as talkative"" OR ""energy is infectious, and they often use their entire body""",strong and colourful voice and are often described as talkative... dramatic and sweeping gestures. Their energy is infectious,Highest,Flag as Triangulated
19,"Bear and Wolf archetypes maintain low-reactivity frames, absorbing conflict through calm patience while fiercely guarding group integrity",https://jobcannon.io,"In crisis situations, the Bear personality excels because they naturally resist the urge to react impulsively... defensive boundaries: when pushed, they exhibit an immovable resolve, ensuring that they protect their territory or principles.","""Bear personality excels because they naturally resist the urge to react impulsively"" OR ""exhibit an immovable resolve""","naturally resist the urge to react impulsively... immovable resolve, ensuring that they protect their territory or principles",Highest,Flag as Triangulated
20,"Lions excel in decisive goal-oriented leadership but risk becoming demanding, impatient, and insensitive under pressure",https://48days.com,"Strengths: Confident, decisive, goal-oriented, and natural leaders. They are excellent at taking charge and making quick decisions. Weaknesses: Can be perceived as demanding, impatient, or overly blunt. They may struggle to listen to others.","""Lion"" ""Strengths: Confident, decisive, goal-oriented"" ""demanding, impatient, or overly blunt""","Confident, decisive, goal-oriented, and natural leaders... Can be perceived as demanding, impatient, or overly blunt. They may struggle to listen to others",Highest,Flag as Triangulated
21,Peacocks provide visionary inspiration and social magnetism but struggle with detailed follow-through and emotional over-reaction,https://48days.com,"Strengths: Energetic, charismatic, fun-loving, and visionary. They excel at social interaction, networking, and inspiring others. Weaknesses: May struggle with follow-through or attention to detail ('shiny-object syndrome'). They can become overly dramatic or emotional under stress.","""Peacock"" OR ""Otter"" ""shiny-object syndrome"" ""overly dramatic or emotional under stress""","excel at social interaction, networking, and inspiring others... May struggle with follow-through or attention to detail ('shiny-object syndrome')... overly dramatic or emotional under stress",Highest,Flag as Triangulated
22,Owls deliver rigorous precision and risk analysis but suffer from analysis paralysis and interpersonal detachment,https://48days.com,"Strengths: Detail-oriented, analytical, systematic, and precise. They excel at planning, data analysis, and ensuring high-quality standards. Weaknesses: Can become 'paralyzed' by over-analyzing facts or be perceived as overly critical or detached.","""Owl"" ""paralyzed by over-analyzing facts"" OR ""overly critical or detached""","Detail-oriented, analytical, systematic, and precise... Can become 'paralyzed' by over-analyzing facts or be perceived as overly critical or detached",Highest,Flag as Triangulated
23,Dolphins maintain deep relational harmony and safety but are vulnerable to boundary loss and conflict-avoidance burnout,https://48days.com,"Loyal, patient, empathetic, and reliable. They are exceptional team players who excel at supporting others and maintaining harmony. Weaknesses: Often conflict-averse and may avoid standing up for themselves.","""conflict-averse and may avoid standing up for themselves"" ""maintaining harmony""",exceptional team players who excel at supporting others and maintaining harmony... Often conflict-averse and may avoid standing up for themselves,Highest,Flag as Triangulated
24,"Foxes utilize strategic wit and adaptive survival but risk devolving into calculated manipulation, opportunism, and guarded masking",https://spiritanimalatlas.com,"Manipulation vs. Persuasion: The fox's natural talent for reading and influencing others can devolve into calculated manipulation... Opportunism: a tendency to 'take' from situations... Guardedness and Isolation: keeping every plan hidden and every emotion behind a 'mask', preventing genuine connection to avoid being vulnerable.","""The fox's natural talent for reading and influencing others can devolve into calculated manipulation"" OR ""keeping every plan hidden and every emotion behind a mask""",natural talent for reading and influencing others can devolve into calculated manipulation... Opportunism... keeping every plan hidden and every emotion behind a mask,Highest,Flag as Triangulated
25,Bear and Wolf archetypes offer unyielding grounding and loyalty but exhibit stubborn resistance to change and explosive boundary retaliation,https://spiritanimalatlas.com,"Bear personalities are the 'rock' in their social circles... but prefer sustained deep work over multitasking and can exhibit defensive boundaries: when pushed, they exhibit an immovable resolve, ensuring that they protect their territory or principles without conceding ground.","""Bear personalities are the rock in their social circles"" OR ""immovable resolve, ensuring that they protect their territory""","Bear personality is widely recognized as an archetype of steadiness, grounding, and protective strength... when pushed, they exhibit an immovable resolve",Highest,Flag as Triangulated
